S. No.,SKU,Product Title,Brand,Category,Sub Category,Description,MRP,Actual or Discounted Rate,Stock Quantity,Folder Source,Status,Image 1 URL,Image 2 URL,Image 3 URL,Image 4 URL,Image 5 URL,Image 6 URL,Image 7 URL,Image 8 URL,Image 9 URL,Image 10 URL,Image 11 URL,Image 12 URL,Image 13 URL,Image 14 URL,Image 15 URL,Image 16 URL,Image 17 URL,Image 18 URL
1,COSM-001,ADS-PRO 12-Piece Mini Lip Gloss Set,ADS-PRO,Beauty & Cosmetics,Lip Glosses,Add brilliant shine and hydration with ADS-PRO 12-Piece Mini Lip Gloss Set by ADS-PRO. Non-sticky texture provides a plumping effect with irresistible color and moisture.,₹799,₹599,100,Cosmatic,Active,https://drive.google.com/file/d/1JXZrNTs7FyKR3th_dm-5B_VKDH9ilY6S/view?usp=drivesdk,https://drive.google.com/file/d/1MqnLenEi3ZZq44Nzlg0j8lIxEMUOyAQz/view?usp=drivesdk,,,,,,,,,,,,,,,,
2,COSM-002,ADS-PRO 12HR Matte Lip Gloss Retail Card,ADS-PRO,Beauty & Cosmetics,Lip Glosses,Add brilliant shine and hydration with ADS-PRO 12HR Matte Lip Gloss Retail Card by ADS-PRO. Non-sticky texture provides a plumping effect with irresistible color and moisture.,₹299,₹229,100,Cosmatic,Active,https://drive.google.com/file/d/1Vn1NnjPZcdv6xALaBhrDw1V0TlQG_Th3/view?usp=drivesdk,,,,,,,,,,,,,,,,,
3,COSM-003,ADS-PRO 4-Piece Metallic Heart Lip Gloss Pack,ADS-PRO,Beauty & Cosmetics,Lip Glosses,Add brilliant shine and hydration with ADS-PRO 4-Piece Metallic Heart Lip Gloss Pack by ADS-PRO. Non-sticky texture provides a plumping effect with irresistible color and moisture.,₹299,₹229,100,Cosmatic,Active,https://drive.google.com/file/d/1ZSAZdJ8m-IzkQdTTiyqHjtsWUIKFYl4P/view?usp=drivesdk,,,,,,,,,,,,,,,,,
4,COSM-004,ADS-PRO Color Awakening Lip Gloss Set,ADS-PRO,Beauty & Cosmetics,Lip Glosses,Add brilliant shine and hydration with ADS-PRO Color Awakening Lip Gloss Box by ADS-PRO. Non-sticky texture provides a plumping effect with irresistible color and moisture.,₹799,₹599,100,Cosmatic,Active,https://drive.google.com/file/d/1tbV0gzptcou4__RezLD2vPA90CeWSUJ7/view?usp=drivesdk,https://drive.google.com/file/d/1SWsdYzeQRMwomjRptzYzoL9ZEQXoZonO/view?usp=drivesdk,,,,,,,,,,,,,,,,
5,COSM-005,ADS-PRO Girls Club 12-Piece Lipstick Box,ADS-PRO,Beauty & Cosmetics,Lipsticks,"Experience rich color payoff with ADS-PRO Girls Club 12-Piece Lipstick Box from ADS-PRO. Formulated with ultra-pigmented matte and moisturizing agents that glide smoothly for velvety soft, kiss-proof lips.",₹799,₹599,100,Cosmatic,Active,https://drive.google.com/file/d/120C8dLylP8eq3_WtQ_CzBtCNTEOQ8YmH/view?usp=drivesdk,https://drive.google.com/file/d/19wi8t4D_djJhG__5DzDALvGfCSPfkoC-/view?usp=drivesdk,https://drive.google.com/file/d/1d1JaIZBA8HisHlqeX6LDREbywN3xl4o6/view?usp=drivesdk,https://drive.google.com/file/d/1Cy-hkFCCTyCdZsuGDz3OCcK3ucu6ZV29/view?usp=drivesdk,https://drive.google.com/file/d/1SmySXAkZc4SQOhxFxjJCaoUTc8YIOn5l/view?usp=drivesdk,https://drive.google.com/file/d/1ioUv7_fsdQpIM4P3HB8PdC5g-EHtx47I/view?usp=drivesdk,https://drive.google.com/file/d/1lBKoipsW7mmcrmg1LDZM6D-1n345nFA-/view?usp=drivesdk,https://drive.google.com/file/d/1-5xO-OTPPF1rwt26UYkeYfkOpNZCKh6-/view?usp=drivesdk,,,,,,,,,,
6,COSM-006,ADS-PRO Kiss Me Lip Gloss Set Box,ADS-PRO,Beauty & Cosmetics,Lip Glosses,Add brilliant shine and hydration with ADS-PRO Kiss Me Lip Gloss Set Box by ADS-PRO. Non-sticky texture provides a plumping effect with irresistible color and moisture.,₹799,₹599,100,Cosmatic,Active,https://drive.google.com/file/d/1ToqiH5bnkJlM24YH2zCcgjFxeezyq_JZ/view?usp=drivesdk,,,,,,,,,,,,,,,,,
7,COSM-007,ADS-PRO Matte Lip Gloss 12-Piece Book Box,ADS-PRO,Beauty & Cosmetics,Lip Glosses,Add brilliant shine and hydration with ADS-PRO Matte Lip Gloss 12-Piece Book Box by ADS-PRO. Non-sticky texture provides a plumping effect with irresistible color and moisture.,₹799,₹599,100,Cosmatic,Active,https://drive.google.com/file/d/1cizPh1zUAXR3r3PQGMF23jfXTKM0PMJo/view?usp=drivesdk,,,,,,,,,,,,,,,,,
8,COSM-008,ADS-PRO Matte Lip Gloss 12-Piece Collection Tray,ADS-PRO,Beauty & Cosmetics,Lip Glosses,Add brilliant shine and hydration with ADS-PRO Matte Lip Gloss 12-Piece Collection Tray by ADS-PRO. Non-sticky texture provides a plumping effect with irresistible color and moisture.,₹799,₹599,100,Cosmatic,Active,https://drive.google.com/file/d/1ptgHMTihmYE6C-1fJqv4Dr-HWDnpHtQ0/view?usp=drivesdk,,,,,,,,,,,,,,,,,
9,COSM-009,ADS-PRO Matte Lip Gloss 24H Retail Pack,ADS-PRO,Beauty & Cosmetics,Lip Glosses,Add brilliant shine and hydration with ADS-PRO Matte Lip Gloss 24H Retail Pack by ADS-PRO. Non-sticky texture provides a plumping effect with irresistible color and moisture.,₹299,₹229,100,Cosmatic,Active,https://drive.google.com/file/d/1ysIzZTb3vIuioumTqpKCuaVGq30IH8ac/view?usp=drivesdk,,,,,,,,,,,,,,,,,
10,COSM-010,ADS-PRO Mega Matte Lip Gloss,ADS-PRO,Beauty & Cosmetics,Lip Glosses,Add brilliant shine and hydration with ADS-PRO Mega Matte Lip Gloss by ADS-PRO. Non-sticky texture provides a plumping effect with irresistible color and moisture.,₹299,₹229,100,Cosmatic,Active,https://drive.google.com/file/d/19K3YpcleVW8YhyFDj5ZTOZ9dGyQ__Leu/view?usp=drivesdk,https://drive.google.com/file/d/1P1Msxvx2gleAg3rUTNeBHUdgWxQpl70E/view?usp=drivesdk,https://drive.google.com/file/d/1Nt9KVOh7kphnw3HjqHY8-FemxH5hkHAK/view?usp=drivesdk,https://drive.google.com/file/d/1fdmseKYWeRZv_eQxyjWTHgYP1RJlz3v_/view?usp=drivesdk,https://drive.google.com/file/d/1UfLoa7lQoZ5RoSji-QLxrWkGbVIz-Fmx/view?usp=drivesdk,https://drive.google.com/file/d/1SPxt8t2UYAeJjiEN4ZQir56tNj7F23NC/view?usp=drivesdk,https://drive.google.com/file/d/1l2mMabhRoI1erCjDpAVmRF9S-WGo3LeU/view?usp=drivesdk,,,,,,,,,,,
11,COSM-011,Angel Rose Matte Capsule Lipstick Set,Angel Rose,Beauty & Cosmetics,Lipsticks,"Experience rich color payoff with Angel Rose Matte Capsule Lipstick Set from Angel Rose. Formulated with ultra-pigmented matte and moisturizing agents that glide smoothly for velvety soft, kiss-proof lips.",₹799,₹599,100,Cosmatic,Active,https://drive.google.com/file/d/1_Atb9-zKJwROc2RsXZ89POcuNPW55ojt/view?usp=drivesdk,https://drive.google.com/file/d/1SPRmRLKIr9tSoMdwZKLkK4enHTcB9pb4/view?usp=drivesdk,https://drive.google.com/file/d/1eCAiQxcOfUoxMYYpeGuw3YcPcR8XbXLI/view?usp=drivesdk,https://drive.google.com/file/d/1_FCl7e6aTQ-ypIBKr0SJfMqWypi5F4am/view?usp=drivesdk,,,,,,,,,,,,,,
12,COSM-012,AnyLady Ingenuous Bear Makeup Palette 8614HL,AnyLady,Beauty & Cosmetics,Eye & Face Palettes,"Premium quality AnyLady Ingenuous Bear Makeup Palette 8614HL by AnyLady designed for exceptional performance, durability, and customer satisfaction.",₹599,₹449,100,Mere pass,Active,https://drive.google.com/file/d/1j0ASU-tpY3XMOs3V7Gf3g8S2kKKB9xie/view?usp=drivesdk,https://drive.google.com/file/d/1-bnHw13wqvVLo0aWTRq_v1sk7C_9prMN/view?usp=drivesdk,,,,,,,,,,,,,,,,
13,COSM-013,Crazy Girl Matte Lipstick Retail Countertop Display,Crazy Girl,Beauty & Cosmetics,Lipsticks,"Experience rich color payoff with Crazy Girl Matte Lipstick Countertop Display Stand from Crazy Girl. Formulated with ultra-pigmented matte and moisturizing agents that glide smoothly for velvety soft, kiss-proof lips.",₹299,₹229,100,Cosmatic,Active,https://drive.google.com/file/d/11OJyXKW3yo7S--v_F61HRDVaq7mA-R33/view?usp=drivesdk,https://drive.google.com/file/d/17caQlUVcJPZOA5r0GPA2KPO_5SHbBteB/view?usp=drivesdk,,,,,,,,,,,,,,,,
14,COSM-014,Crazy Girl Matte Long Lasting Lipstick,Crazy Girl,Beauty & Cosmetics,Lipsticks,"Experience rich color payoff with Crazy Girl Matte Long Lasting Lipstick 1 from Crazy Girl. Formulated with ultra-pigmented matte and moisturizing agents that glide smoothly for velvety soft, kiss-proof lips.",₹299,₹229,100,Cosmatic,Active,https://drive.google.com/file/d/1shsGOwprXlyLh0-XR8oo4GwgCy2VW-ZM/view?usp=drivesdk,https://drive.google.com/file/d/1dK5lJB670SI2NfD6EwTwB-q13J0_0_zQ/view?usp=drivesdk,https://drive.google.com/file/d/1_ezLIwh7mS2VzO2ahNUdSEJHf7nq0FvI/view?usp=drivesdk,https://drive.google.com/file/d/1o5nbdS-QunxRXJXOixKni6uuuI-1oN-V/view?usp=drivesdk,https://drive.google.com/file/d/1hYEZn76KTiz9_v6L6N4nEBNdQ4rzJ8R-/view?usp=drivesdk,https://drive.google.com/file/d/1OmmR08WRafIGPVAAkHK4ya187S24QX6J/view?usp=drivesdk,https://drive.google.com/file/d/1GSk90ryhfRW5YT5ntpHXh7ws3apGbFfd/view?usp=drivesdk,https://drive.google.com/file/d/1YkRSdKkLnkmltTkTePM0nbKDmeH_tS9k/view?usp=drivesdk,https://drive.google.com/file/d/1T-xHYf1fARbX3Lu3jWmSBqkRGHtA4azB/view?usp=drivesdk,https://drive.google.com/file/d/182kDrK1toUqR06HWELYrK_DWk3Eofn2O/view?usp=drivesdk,https://drive.google.com/file/d/1D1tH5quN0dR1rvP1aI1syCXGufr-Diwu/view?usp=drivesdk,https://drive.google.com/file/d/1VlUd_Ts155Jc1Iiibv0Ao90uWv0ZMub9/view?usp=drivesdk,https://drive.google.com/file/d/1GdOsYkb4_72AZ30Yzc6b5PdIExgyaFEl/view?usp=drivesdk,https://drive.google.com/file/d/1qlYMrhpiA3yJ_g95rP_cUyF0CFx0cXbo/view?usp=drivesdk,https://drive.google.com/file/d/1Kr9GyBdj-vR2stvtlAKm6bWkgxfaSpbv/view?usp=drivesdk,https://drive.google.com/file/d/1KuY-UyscMt4R15RWoOWIT9aDhHgvQvNJ/view?usp=drivesdk,https://drive.google.com/file/d/16zWeQ9snRiE8LWKZ9DRvblqdlwZyykL3/view?usp=drivesdk,https://drive.google.com/file/d/1DiIH6c2C9pG5EdTJAj2FBDvlTIqs9PYh/view?usp=drivesdk
15,COSM-015,Crazy Girl Mini Pocket Lipstick Set,Crazy Girl,Beauty & Cosmetics,Lipsticks,"Experience rich color payoff with Crazy Girl Mini Pocket Lipstick Set from Crazy Girl. Formulated with ultra-pigmented matte and moisturizing agents that glide smoothly for velvety soft, kiss-proof lips.",₹799,₹599,100,Cosmatic,Active,https://drive.google.com/file/d/1W9ksx2eCFmqOUlC2vpUSuQi6HzYsICge/view?usp=drivesdk,,,,,,,,,,,,,,,,,
16,COSM-016,Crazy Girl Waterproof Lipstick,Crazy Girl,Beauty & Cosmetics,Lipsticks,"Experience rich color payoff with Crazy Girl Waterproof Lipstick Bullet 1 from Crazy Girl. Formulated with ultra-pigmented matte and moisturizing agents that glide smoothly for velvety soft, kiss-proof lips.",₹299,₹229,100,Cosmatic,Active,https://drive.google.com/file/d/1da57J5v1b0d5LHP09gk-AW57QSgnb5GK/view?usp=drivesdk,https://drive.google.com/file/d/17eoLVNleT2hIWMa8apXMOuPGRgLc-Lpi/view?usp=drivesdk,https://drive.google.com/file/d/1-fiKNROnBZPxhuZ46zCGX5IGLjji4Cyd/view?usp=drivesdk,https://drive.google.com/file/d/1QfRf7quHU7rOBKwhL3nD2EqVe7v4XT-T/view?usp=drivesdk,https://drive.google.com/file/d/1_MkvcZdvWtcWsxqhRZpTXJ067p47yL0k/view?usp=drivesdk,https://drive.google.com/file/d/14aufd0sRahpNWLZ2xonEZLMLwdjjjlmd/view?usp=drivesdk,https://drive.google.com/file/d/10eg2YqblCANrJRyy9FLGVdaE8WAW4dC0/view?usp=drivesdk,https://drive.google.com/file/d/1nvhNxeOnJAqz5xqzvntS7QBfSwo5B0SC/view?usp=drivesdk,https://drive.google.com/file/d/1eo051C_XwKN2qZs9TbREqNTBX6tCuDt7/view?usp=drivesdk,https://drive.google.com/file/d/1icaZoUCRNnW6F6DApSoGqhjHQfF9hCc3/view?usp=drivesdk,,,,,,,,
17,COSM-017,Crazy Queen Non Transfer Lip Gloss Display Stand,Crazy Queen,Beauty & Cosmetics,Lip Glosses,Add brilliant shine and hydration with Crazy Queen Non Transfer Lip Gloss Display Stand by Crazy Queen. Non-sticky texture provides a plumping effect with irresistible color and moisture.,₹299,₹229,100,Cosmatic,Active,https://drive.google.com/file/d/1ABCLFlX1Q0v-iR77H7OPuCDf3iGg6nSv/view?usp=drivesdk,https://drive.google.com/file/d/1l346BnFGsV5ZVJmH78dw3tFyIfSySIk8/view?usp=drivesdk,,,,,,,,,,,,,,,,
18,COSM-018,Crazy Queen Non Transfer Lip Gloss Set,Crazy Queen,Beauty & Cosmetics,Lip Glosses,Add brilliant shine and hydration with Crazy Queen Non Transfer Lip Gloss 12 Shades by Crazy Queen. Non-sticky texture provides a plumping effect with irresistible color and moisture.,₹299,₹229,100,Cosmatic,Active,https://drive.google.com/file/d/16h5dC8jcwZfK80pwd_G4EFWGwLbo16u3/view?usp=drivesdk,https://drive.google.com/file/d/1nz-pOFduWsrT6DnSZzC9XSp_IvYl3O_h/view?usp=drivesdk,,,,,,,,,,,,,,,,
19,COSM-019,Dr Rashel On-The-Go Sunscreen Wipes SPF 15,Dr. Rashel,Beauty & Cosmetics,Lip Products,"Premium quality Dr Rashel On-The-Go Sunscreen Wipes SPF by Dr. Rashel designed for exceptional performance, durability, and customer satisfaction.",₹299,₹229,100,Mere pass,Active,https://drive.google.com/file/d/1KfEnnzq8M5hvpeEA0JbAO57iBJQTq0KY/view?usp=drivesdk,,,,,,,,,,,,,,,,,
20,COSM-020,Fashion Colour Glossip Non Transfer Lipstick,Fashion Colour,Beauty & Cosmetics,Lipsticks,"Experience rich color payoff with Fashion Colour Glossip Non Transfer Lipstick 1 from Fashion Colour. Formulated with ultra-pigmented matte and moisturizing agents that glide smoothly for velvety soft, kiss-proof lips.",₹299,₹229,100,Cosmatic,Active,https://drive.google.com/file/d/14WksCEICjLqmp7oiuLcdPzbiAAqIEDeU/view?usp=drivesdk,https://drive.google.com/file/d/1_rYhAkMmKkcfbxw61RZr3FiCTeZ_scQ5/view?usp=drivesdk,https://drive.google.com/file/d/1zApyssAGqBWAvbwRRxV00HlwnfowumaW/view?usp=drivesdk,https://drive.google.com/file/d/1w_28VT3rS73rH6ySKo5oi2U2FAlf_OsH/view?usp=drivesdk,https://drive.google.com/file/d/1mQRs82qqiLb25P8zkUrMjX_Jb-CdYCMr/view?usp=drivesdk,https://drive.google.com/file/d/19s3SgybPkecnyIv_7y2Sqf01A1ulttwD/view?usp=drivesdk,,,,,,,,,,,,
21,COSM-021,Fashion Colour No Filter Matte Foundation,Fashion Colour,Beauty & Cosmetics,Foundations & Face Base,"Fashion Colour No Filter Matte Foundation by Fashion Colour delivers high-definition flawless coverage with a smooth, blendable matte finish. Lightweight, oil-free formula designed for long-lasting all-day wear.",₹499,₹369,100,Cosmatic,Active,https://drive.google.com/file/d/1wxfDSjvyf9h8Ch8DOPyn_RFt08S7PODa/view?usp=drivesdk,https://drive.google.com/file/d/125ThCAdvM9TVi5RqkRuphgUFul1obU5T/view?usp=drivesdk,https://drive.google.com/file/d/1FUAGRVkwmkiisGTl5pSwJH1n-H_hdXXL/view?usp=drivesdk,https://drive.google.com/file/d/1r46be1AljjspOAXTo5UHsgkNNle4tsh0/view?usp=drivesdk,https://drive.google.com/file/d/1R-eezrUcLY9O_1H-XkdmrLZKTjuhDBhD/view?usp=drivesdk,https://drive.google.com/file/d/12QiXfFI81Yrx50iVMesbk30oKzDGvuMD/view?usp=drivesdk,https://drive.google.com/file/d/1FYi5sc438TrfjcqtWx7PndPs6XZ-1I38/view?usp=drivesdk,,,,,,,,,,,
22,COSM-022,Feilin and Coco Giving Liquid Lipstick Set,Feilin & Coco,Beauty & Cosmetics,Lipsticks,"Experience rich color payoff with Feilin and Coco Giving Liquid Lipstick Set from Feilin & Coco. Formulated with ultra-pigmented matte and moisturizing agents that glide smoothly for velvety soft, kiss-proof lips.",₹799,₹599,100,Cosmatic,Active,https://drive.google.com/file/d/1XGno-tZMTp2Z6Q-iBfoyjnuD3KNrKK1-/view?usp=drivesdk,https://drive.google.com/file/d/1CJnv3-ywHJMGKY3UaUNV7xlVkVJvS10K/view?usp=drivesdk,https://drive.google.com/file/d/1jTj4nrIZ3KNud75faRWkDVRP39SNIe0H/view?usp=drivesdk,,,,,,,,,,,,,,,
23,COSM-023,Glam21 Adore Matte Lipstick,Glam21,Beauty & Cosmetics,Lipsticks,"Experience rich color payoff with Glam21 Adore Matte Lipstick from Glam21. Formulated with ultra-pigmented matte and moisturizing agents that glide smoothly for velvety soft, kiss-proof lips.",₹349,₹269,100,Cosmatic,Active,https://drive.google.com/file/d/1_ovtG-sFGp9k0gve516E6oTQc3HEiPzm/view?usp=drivesdk,,,,,,,,,,,,,,,,,
24,COSM-024,Glam21 Color Match BB Foundation SPF 15,Glam21,Beauty & Cosmetics,Foundations & Face Base,"Glam21 Color Match BB Foundation SPF by Glam21 delivers high-definition flawless coverage with a smooth, blendable matte finish. Lightweight, oil-free formula designed for long-lasting all-day wear.",₹499,₹369,100,Cosmatic,Active,https://drive.google.com/file/d/1uR1WaGMPNBI_g-Kn8bskPgx8eEWZ_yEd/view?usp=drivesdk,https://drive.google.com/file/d/1bLSDBqGzzQNIeSa-DpfdOWd8HKJ6cqIY/view?usp=drivesdk,,,,,,,,,,,,,,,,
25,COSM-025,Glam21 Liquid Lipstick 12-Piece Set,Glam21,Beauty & Cosmetics,Lipsticks,"Experience rich color payoff with Glam21 Liquid Lipstick 12-Piece Set from Glam21. Formulated with ultra-pigmented matte and moisturizing agents that glide smoothly for velvety soft, kiss-proof lips.",₹799,₹599,100,Cosmatic,Active,https://drive.google.com/file/d/1YPhLtP0P9LtcwaR0arjUVPFXu4N87M4h/view?usp=drivesdk,https://drive.google.com/file/d/1OayvQcw-k90dfZRIs6B5N8OgqZp8k7mX/view?usp=drivesdk,,,,,,,,,,,,,,,,
26,COSM-026,Glam21 Liquid Lipstick Bundle Display,Glam21,Beauty & Cosmetics,Lipsticks,"Experience rich color payoff with Glam21 Liquid Lipstick Bundle Display from Glam21. Formulated with ultra-pigmented matte and moisturizing agents that glide smoothly for velvety soft, kiss-proof lips.",₹799,₹599,100,Cosmatic,Active,https://drive.google.com/file/d/1pDmZlllOthQhZmBy4OAOi18FqIE_8PR4/view?usp=drivesdk,https://drive.google.com/file/d/1T5QzIxVkF_jGqiM5U3ZuRTaKahhBnlu7/view?usp=drivesdk,https://drive.google.com/file/d/1K0Wa7l4_tTlPCPfQh-tG_dKYRI1VKtGJ/view?usp=drivesdk,,,,,,,,,,,,,,,
27,COSM-027,Glam21 Matte Lippie Lipstick,Glam21,Beauty & Cosmetics,Lipsticks,"Experience rich color payoff with Glam21 Matte Lippie Shade Chart 01 to 06 from Glam21. Formulated with ultra-pigmented matte and moisturizing agents that glide smoothly for velvety soft, kiss-proof lips.",₹349,₹269,100,Cosmatic,Active,https://drive.google.com/file/d/1AeoVy8NMmU7MKCwrdYn6tw7Kwb_Uk0Yf/view?usp=drivesdk,https://drive.google.com/file/d/1xnrCqbj_FyON6yl5uCJNASvEMj5UNclN/view?usp=drivesdk,https://drive.google.com/file/d/10vAtEeCIN7D4E4vcgKu_XRj4VyZDJP-2/view?usp=drivesdk,,,,,,,,,,,,,,,
28,COSM-028,Glam21 Mattitude Liquid Lipstick,Glam21,Beauty & Cosmetics,Lipsticks,"Experience rich color payoff with Glam21 Mattitude Lipsticks Emoji Shades Chart from Glam21. Formulated with ultra-pigmented matte and moisturizing agents that glide smoothly for velvety soft, kiss-proof lips.",₹349,₹269,100,Cosmatic,Active,https://drive.google.com/file/d/1B5TQCv92JbZd7i8DGXKp4PoQxFeLYXO9/view?usp=drivesdk,https://drive.google.com/file/d/1z8NdmgnDY3HNDXy3vYlN6B92byoU5RRH/view?usp=drivesdk,https://drive.google.com/file/d/1w-z3CCT985FTKwnZHHIW6Zfb-MsbBLR-/view?usp=drivesdk,https://drive.google.com/file/d/1-CmyfCOQ5Hxe9r3r-YN7lR4IentU856E/view?usp=drivesdk,,,,,,,,,,,,,,
29,COSM-029,Glam21 Passion Matte Lip Ink,Glam21,Beauty & Cosmetics,Lipsticks,"Premium quality Glam21 Passion Matte Lip Ink Application Guide by Glam21 designed for exceptional performance, durability, and customer satisfaction.",₹349,₹269,100,Cosmatic,Active,https://drive.google.com/file/d/12zUowcWcF7n4uJhId4EK_DsUN6RW9xDO/view?usp=drivesdk,https://drive.google.com/file/d/11pBd8r9OV46vYUaqIYUW4buFnDrUsx65/view?usp=drivesdk,https://drive.google.com/file/d/171Qyp_CcX2hnNUFzgWXx1DrrF4jHQrPA/view?usp=drivesdk,https://drive.google.com/file/d/1-sv6ehxSWskIdJZwgkPwWAPGuZIjoGlz/view?usp=drivesdk,https://drive.google.com/file/d/1iglj8lgFe9HMvhP45c69S7Pfy4V93U7l/view?usp=drivesdk,,,,,,,,,,,,,
30,COSM-030,Glam21 Studio Perfection HD Matte Foundation,Glam21,Beauty & Cosmetics,Foundations & Face Base,"Glam21 Studio Perfection HD Foundation by Glam21 delivers high-definition flawless coverage with a smooth, blendable matte finish. Lightweight, oil-free formula designed for long-lasting all-day wear.",₹499,₹369,100,Cosmatic,Active,https://drive.google.com/file/d/1J4JMKojtJSHDjsBb5wrqI1eZcCnqJ0lP/view?usp=drivesdk,https://drive.google.com/file/d/1V0NO--NnAOAlV2KxSCoZELNQ6doCilKx/view?usp=drivesdk,https://drive.google.com/file/d/1H791hnjz7BsWbDuA08gngm8Ad-e-W-hC/view?usp=drivesdk,,,,,,,,,,,,,,,
31,COSM-031,Glam21 Super Matte Color Stick,Glam21,Beauty & Cosmetics,Lip Products,"Premium quality Glam21 Super Matte Color Stick by Glam21 designed for exceptional performance, durability, and customer satisfaction.",₹349,₹269,100,Cosmatic,Active,https://drive.google.com/file/d/1a2tHjvu0tYwsa9hlV_3eCNxIOBnjbkB3/view?usp=drivesdk,https://drive.google.com/file/d/13TqA2M-LxW61DxqVA0Ghs1-PwyEJcYqd/view?usp=drivesdk,https://drive.google.com/file/d/1VxFZGwmlDnJO8d9bN1Y6IjqnM3tI_b9P/view?usp=drivesdk,https://drive.google.com/file/d/1GjGgrODPJEy47PCigtm3k89YPt65c7oH/view?usp=drivesdk,,,,,,,,,,,,,,
32,COSM-032,Glam21 Velvet Matte Touch Foundation,Glam21,Beauty & Cosmetics,Foundations & Face Base,"Glam21 Velvet Matte Touch Foundation by Glam21 delivers high-definition flawless coverage with a smooth, blendable matte finish. Lightweight, oil-free formula designed for long-lasting all-day wear.",₹499,₹369,100,Cosmatic,Active,https://drive.google.com/file/d/14BhQCi1muQKz6TQLICdYlTdPAnAMyT3b/view?usp=drivesdk,https://drive.google.com/file/d/1QNbdffXUNqNfNuKDkub_zGQFJ0xUU5TZ/view?usp=drivesdk,https://drive.google.com/file/d/1aAR5QQn18y8yamMi1XjQ6D1IsEkZKENH/view?usp=drivesdk,https://drive.google.com/file/d/1-1O2pDHpL9Y9fgpp39we-fKOttXW-cqZ/view?usp=drivesdk,https://drive.google.com/file/d/1vEuXqTKnnlSaSjKTzecTUiuO8RDCuTr4/view?usp=drivesdk,,,,,,,,,,,,,
33,COSM-033,Glam21 Whip Mousse Tint,Glam21,Beauty & Cosmetics,Lipsticks,"Premium quality Glam21 Whip Mousse Tint by Glam21 designed for exceptional performance, durability, and customer satisfaction.",₹349,₹269,100,Cosmatic,Active,https://drive.google.com/file/d/108BBP-OM1sB5wsncrVizMf9uXSFXyT7c/view?usp=drivesdk,,,,,,,,,,,,,,,,,
34,COSM-034,HUDAMOJI Bear Lip Mask 12-Piece Display Box,HUDAMOJI,Beauty & Cosmetics,Lip Care & Treatments,"Premium quality HUDAMOJI Bear Lip Mask 12-Piece Display Box by HUDAMOJI designed for exceptional performance, durability, and customer satisfaction.",₹799,₹599,100,Cosmatic,Active,https://drive.google.com/file/d/1WRary7SralW0JAZnqkUBcI_xP8ni-kAh/view?usp=drivesdk,,,,,,,,,,,,,,,,,
35,COSM-035,Hold Morning Heart Cap Lip Gloss Set,Hold Morning,Beauty & Cosmetics,Lip Glosses,Add brilliant shine and hydration with Hold Morning Heart Cap Lip Gloss by Hold Morning. Non-sticky texture provides a plumping effect with irresistible color and moisture.,₹299,₹229,100,Cosmatic,Active,https://drive.google.com/file/d/1ugag0QSDpsoFdrtVz4qsFLyQHxsidAjD/view?usp=drivesdk,https://drive.google.com/file/d/1_6A7pzITUDpMrD9oMAB2rzwaaV6gZ7X6/view?usp=drivesdk,https://drive.google.com/file/d/1UFll39j_izFoGouuwfpWkar5Gq0n80KH/view?usp=drivesdk,https://drive.google.com/file/d/1w-qFkrT9hBmpKZdYMosNN-0789x33KKC/view?usp=drivesdk,https://drive.google.com/file/d/1suel9ZeUeBTmR_uZqXRE3LQw1dY9sx8Q/view?usp=drivesdk,https://drive.google.com/file/d/1jVvT-6P2iFXowrTuARArcAXQB9Yig0EP/view?usp=drivesdk,,,,,,,,,,,,
36,COSM-036,Huda Color Matte Liquid Foundation,Huda Color,Beauty & Cosmetics,Foundations & Face Base,"Huda Color Matte Liquid Foundation by Huda Color delivers high-definition flawless coverage with a smooth, blendable matte finish. Lightweight, oil-free formula designed for long-lasting all-day wear.",₹499,₹369,100,Cosmatic,Active,https://drive.google.com/file/d/14fvs0tmgm71FgDnEI6_sayatteeoYKbi/view?usp=drivesdk,,,,,,,,,,,,,,,,,
37,COSM-037,Huda Color Matte Liquid Lip Gloss,Huda Color,Beauty & Cosmetics,Lip Glosses & Balms,Add brilliant shine and hydration with Huda Color Matte Liquid Lip Gloss by Huda Color. Non-sticky texture provides a plumping effect with irresistible color and moisture.,₹299,₹229,100,Mere pass,Active,https://drive.google.com/file/d/1bUQY3tMMMGXkJgUytAcpIgr3KOJe-k1g/view?usp=drivesdk,,,,,,,,,,,,,,,,,
38,COSM-038,Huda Color Super Star Lip Gloss Box,Huda Color,Beauty & Cosmetics,Lip Glosses,Add brilliant shine and hydration with Huda Color Super Star Lip Gloss Box by Huda Color. Non-sticky texture provides a plumping effect with irresistible color and moisture.,₹799,₹599,100,Cosmatic,Active,https://drive.google.com/file/d/1wyu6iaZBXCGSIZil5-I9ORh71F1mF8ol/view?usp=drivesdk,https://drive.google.com/file/d/1kHOhMvJfhorjldztQVTtzR7xkd4FauRo/view?usp=drivesdk,,,,,,,,,,,,,,,,
39,COSM-039,Insight Matte Lip Serum with Avocado,Insight,Beauty & Cosmetics,Lip Products,"Premium quality Insight Matte Lip Serum with Avocado by Insight designed for exceptional performance, durability, and customer satisfaction.",₹299,₹229,100,Cosmatic,Active,https://drive.google.com/file/d/12JUC56hni87st-8CGOuQjyLO8Y5-19w-/view?usp=drivesdk,https://drive.google.com/file/d/1NOvn83r1uuc-qw0wc-EQDzd300Pq6X5P/view?usp=drivesdk,,,,,,,,,,,,,,,,
40,COSM-040,Lakyou Beauty Filter Face Weightless Foundation,Lakyou Beauty,Beauty & Cosmetics,Foundations & Face Base,"Lakyou Beauty Filter Face Weightless Foundation by Lakyou Beauty delivers high-definition flawless coverage with a smooth, blendable matte finish. Lightweight, oil-free formula designed for long-lasting all-day wear.",₹499,₹369,100,Cosmatic,Active,https://drive.google.com/file/d/1midjYNFkdBTmmawDHk6jez_i4QhitlSu/view?usp=drivesdk,,,,,,,,,,,,,,,,,
41,COSM-041,MAC Matte Lipstick with Swatch,MAC,Beauty & Cosmetics,Lipsticks,"Experience rich color payoff with MAC Matte Lipstick with Swatch from MAC. Formulated with ultra-pigmented matte and moisturizing agents that glide smoothly for velvety soft, kiss-proof lips.",₹299,₹229,100,Cosmatic,Active,https://drive.google.com/file/d/1AulCkGPSDdqq9B5yMGy6WgjCH4O5E6se/view?usp=drivesdk,,,,,,,,,,,,,,,,,
42,COSM-042,MARS BB Cream Foundation Gold Box Packaging,MARS,Beauty & Cosmetics,Foundations & Face Base,"MARS BB Cream Foundation Gold Box Packaging by MARS delivers high-definition flawless coverage with a smooth, blendable matte finish. Lightweight, oil-free formula designed for long-lasting all-day wear.",₹799,₹599,100,Cosmatic,Active,https://drive.google.com/file/d/12WG9gvmgv7PQn14i3DJkRi7anWxjD4_F/view?usp=drivesdk,,,,,,,,,,,,,,,,,
43,COSM-043,MARS Bloom Matte BB Cream,MARS,Beauty & Cosmetics,Foundations & Face Base,"MARS Bloom Matte BB Cream by MARS combines skincare and natural coverage. Infused with SPF and nourishing ingredients to protect, hydrate, and even out skin tone.",₹349,₹279,100,Cosmatic,Active,https://drive.google.com/file/d/1oteagP6ZEQu_9DQe59HOj65xQk5u60pk/view?usp=drivesdk,,,,,,,,,,,,,,,,,
44,COSM-044,MARS Creamy Matte Long Stay Lipstick,MARS,Beauty & Cosmetics,Lipsticks,"Experience rich color payoff with MARS Creamy Matte Lipstick 1 from MARS. Formulated with ultra-pigmented matte and moisturizing agents that glide smoothly for velvety soft, kiss-proof lips.",₹399,₹299,100,Cosmatic,Active,https://drive.google.com/file/d/1ZV1DOPL3wwuU3s9DDNIG3RaPN2kPpVO5/view?usp=drivesdk,https://drive.google.com/file/d/1XCaqCQ_xk9NjlqcbDG7SUHpLX3GVYXb5/view?usp=drivesdk,https://drive.google.com/file/d/1ZX6viEXelV0oNHeqqv3upKvDjx6PAqfD/view?usp=drivesdk,https://drive.google.com/file/d/1BC5S81cgZqDwSRsucpkArPQaS_srVaf1/view?usp=drivesdk,https://drive.google.com/file/d/1q0_3ybTOIjox4IHTKKFDNLQekOqwxgm8/view?usp=drivesdk,https://drive.google.com/file/d/1x3iMz9bLGx6UHNSMP_kDoNFIda6BV7oi/view?usp=drivesdk,https://drive.google.com/file/d/1oduuM9mdLJXqBVd4Qd9rDxPOn670CvTP/view?usp=drivesdk,https://drive.google.com/file/d/1_v4zdyGOI6U7mMY3TvYoRiggQPA70wnD/view?usp=drivesdk,https://drive.google.com/file/d/13zXaL6aTDqKf42boZT7NI-t9kfbBlEqw/view?usp=drivesdk,https://drive.google.com/file/d/1ENGmfJpCl44LQ4UA9C19u2pchO_S1Rgd/view?usp=drivesdk,,,,,,,,
45,COSM-045,MARS Crown Yourself All Rounder Lipstick,MARS,Beauty & Cosmetics,Lipsticks,"Experience rich color payoff with MARS Crown Yourself All Rounder Lipstick Benefits Infographic from MARS. Formulated with ultra-pigmented matte and moisturizing agents that glide smoothly for velvety soft, kiss-proof lips.",₹299,₹239,100,Cosmatic,Active,https://drive.google.com/file/d/10U3SVtnSPh2eF9vvjmX48B6E2JczqmjL/view?usp=drivesdk,https://drive.google.com/file/d/1U5twWI4510gXNUpryMWj6vG3TQGq4KiQ/view?usp=drivesdk,https://drive.google.com/file/d/1JfMIxi2PKkdMjXw-DrVNK5qZz-DLRVDA/view?usp=drivesdk,,,,,,,,,,,,,,,
46,COSM-046,MARS Edge of Desire Lip Liner,MARS,Beauty & Cosmetics,Lip Liners,Define and sculpt your lips effortlessly with MARS Edge of Desire Lip Liner 12 Shades Chart by MARS. Features a smooth glide formula for precise contours and smudge-free lip makeup.,₹199,₹149,100,Cosmatic,Active,https://drive.google.com/file/d/11BkbyRp0GNYZdWNq_3amSS3a2pPnD1Un/view?usp=drivesdk,https://drive.google.com/file/d/1P2GnJaNP_2lkK4nDMecudEj4dyiQY1vp/view?usp=drivesdk,https://drive.google.com/file/d/1TfNub_Es4Gdj6th9a6_mEgOHQAovlnv8/view?usp=drivesdk,,,,,,,,,,,,,,,
47,COSM-047,MARS High Coverage Liquid Foundation,MARS,Beauty & Cosmetics,Foundations & Face Base,"MARS High Coverage Liquid Foundation by MARS delivers high-definition flawless coverage with a smooth, blendable matte finish. Lightweight, oil-free formula designed for long-lasting all-day wear.",₹499,₹369,100,Cosmatic,Active,https://drive.google.com/file/d/1Rw0gw1-2MFcd4jM8sDMsQ7i9pTb_-cMq/view?usp=drivesdk,https://drive.google.com/file/d/1XQMb4bmL5KjIHYZFJtIFxqmq93uwFf7m/view?usp=drivesdk,,,,,,,,,,,,,,,,
48,COSM-048,MARS Muse Matte Mousse Lipstick,MARS,Beauty & Cosmetics,Lipsticks,"Experience rich color payoff with MARS Matte Muse Mousse Lipstick Features Infographic from MARS. Formulated with ultra-pigmented matte and moisturizing agents that glide smoothly for velvety soft, kiss-proof lips.",₹299,₹239,100,Cosmatic,Active,https://drive.google.com/file/d/1ueU6P6sbL0h4MsAwpzmVudM-nGr0MQT4/view?usp=drivesdk,https://drive.google.com/file/d/1PppYiU0fiBN-yc0g45LqEb8h4yrVNdNU/view?usp=drivesdk,https://drive.google.com/file/d/1jb-wIE8zzMI35MVEnlPhG5HYm_sVoF97/view?usp=drivesdk,https://drive.google.com/file/d/1g9n4t70lF_iSyK1L0KAH2hrFTvUX8J7N/view?usp=drivesdk,,,,,,,,,,,,,,
49,COSM-049,MARS Queen of Mattes Compact Powder,MARS,Beauty & Cosmetics,Lip Products,"Premium quality MARS Queen of Mattes Compact Powder by MARS designed for exceptional performance, durability, and customer satisfaction.",₹299,₹239,100,Cosmatic,Active,https://drive.google.com/file/d/1hCYmCNyQtKtZt8mFbBRN92uBmgEKoaZ3/view?usp=drivesdk,,,,,,,,,,,,,,,,,
50,COSM-050,MARS Silk Matte Lipstick NT03,MARS,Beauty & Cosmetics,Lipsticks,"Experience rich color payoff with MARS Silk Matte Lipstick NT03 from MARS. Formulated with ultra-pigmented matte and moisturizing agents that glide smoothly for velvety soft, kiss-proof lips.",₹299,₹239,100,Cosmatic,Active,https://drive.google.com/file/d/17nIu8Fb6gVZNYtYIEJkG2qRoddJv9lG-/view?usp=drivesdk,,,,,,,,,,,,,,,,,
51,COSM-051,MARS Skin Perfection Color Correcting BB Cream,MARS,Beauty & Cosmetics,Foundations & Face Base,"MARS Skin Perfection Color Correcting BB Cream by MARS combines skincare and natural coverage. Infused with SPF and nourishing ingredients to protect, hydrate, and even out skin tone.",₹349,₹279,100,Cosmatic,Active,https://drive.google.com/file/d/1TC8jMp7mkOkNHTS3d4alxwlYdDfzw3sw/view?usp=drivesdk,,,,,,,,,,,,,,,,,
52,COSM-052,MARS Velvet Lip Tint Collection,MARS,Beauty & Cosmetics,Lipsticks,"Premium quality MARS Five Dreams Velvet Lip Tint by MARS designed for exceptional performance, durability, and customer satisfaction.",₹299,₹239,100,Cosmatic,Active,https://drive.google.com/file/d/1YF7d49kP_STu9jHVTTf2iSSbFudEUUt_/view?usp=drivesdk,https://drive.google.com/file/d/1ZPmIeVQBX8AkPdRBGlG1XPW5IlugNIsY/view?usp=drivesdk,https://drive.google.com/file/d/1O85-ywwMpp5k8-T4FxaVE5uCsnlsdNTO/view?usp=drivesdk,https://drive.google.com/file/d/1CAU2UYWuEI8e3IP_8dTboD-g7IZcxajn/view?usp=drivesdk,https://drive.google.com/file/d/1OOTJPte4f5LchgmqDCedSURtLaFdDkrz/view?usp=drivesdk,https://drive.google.com/file/d/1P-Iz7Nwl3WlOHjns8m8WFTq0o70NUaL1/view?usp=drivesdk,https://drive.google.com/file/d/1XWr1_Gi80iAG2m2qS6weBrFYFYGKkFl7/view?usp=drivesdk,https://drive.google.com/file/d/1Tl7cdzNwbecXNE4ylwFlEQLsIvgL47Dw/view?usp=drivesdk,https://drive.google.com/file/d/10S40YoLa9fJPfhucy0XHltBaGFXE6Pq5/view?usp=drivesdk,,,,,,,,,
53,COSM-053,MARS Won't Smudge Won't Budge Matte Lip Crayon Box,MARS,Beauty & Cosmetics,Lipsticks,"Experience rich color payoff with MARS Won't Smudge Won't Budge Matte Lip Crayon Box from MARS. Formulated with ultra-pigmented matte and moisturizing agents that glide smoothly for velvety soft, kiss-proof lips.",₹799,₹599,100,Cosmatic,Active,https://drive.google.com/file/d/1C9_GEri2xnaiCPgkh9vZ586JxMX3Sv_s/view?usp=drivesdk,,,,,,,,,,,,,,,,,
54,COSM-054,MARS Zero Blend Weightless Foundation,MARS,Beauty & Cosmetics,Foundations & Face Base,"MARS Zero Blend Weightless Foundation by MARS delivers high-definition flawless coverage with a smooth, blendable matte finish. Lightweight, oil-free formula designed for long-lasting all-day wear.",₹499,₹369,100,Cosmatic,Active,https://drive.google.com/file/d/1NF2Rcb2HuekEqzAojk31xY3ARZzs593N/view?usp=drivesdk,https://drive.google.com/file/d/19nAeUnGhjAaACCKgf0rgCHIqDvMhNTrC/view?usp=drivesdk,https://drive.google.com/file/d/17ybSSp7l7Vj-dQgEsOjoi2nWGp-F7ye9/view?usp=drivesdk,https://drive.google.com/file/d/1-3fBsyDPRPjwL03zoietXgXusQYLttvC/view?usp=drivesdk,,,,,,,,,,,,,,
55,COSM-055,MaiLun Li Ren Flashy Color Single Eye Shadow,MaiLun Li Ren,Beauty & Cosmetics,Single Eye Shadows,"Premium quality MaiLun Li Ren Flashy Color Single Eye Shadow by MaiLun Li Ren designed for exceptional performance, durability, and customer satisfaction.",₹299,₹229,100,Mere pass,Active,https://drive.google.com/file/d/1Ukj4HI7KsWqK-_o0b3EDGaCc-aX_unFk/view?usp=drivesdk,,,,,,,,,,,,,,,,,
56,COSM-056,Maliao Color Changing Foundation,Maliao,Beauty & Cosmetics,Foundations & Face Base,"Maliao Color Changing Foundation by Maliao delivers high-definition flawless coverage with a smooth, blendable matte finish. Lightweight, oil-free formula designed for long-lasting all-day wear.",₹499,₹369,100,Cosmatic,Active,https://drive.google.com/file/d/1v_VorqtToO8gqO5isMl7OP7HVASl-I_I/view?usp=drivesdk,https://drive.google.com/file/d/1zw9qZur_g4y-f_sv3Io9AlW0PGIMuVXH/view?usp=drivesdk,https://drive.google.com/file/d/1MT9qoAb9eE7uur8-EyrA5mavC13iKSii/view?usp=drivesdk,,,,,,,,,,,,,,,
57,COSM-057,Maliao Fit Me Matte and Poreless Liquid Foundation,Maliao,Beauty & Cosmetics,Foundations & Face Base,"Maliao Fit Me Matte and Poreless Liquid Foundation by Maliao delivers high-definition flawless coverage with a smooth, blendable matte finish. Lightweight, oil-free formula designed for long-lasting all-day wear.",₹499,₹369,100,Cosmatic,Active,https://drive.google.com/file/d/1qru-DNVgoYeM-Wk3aiRMr45VrHdiY2yg/view?usp=drivesdk,https://drive.google.com/file/d/1LRWoeIM6t1t0jhtUo7kkiUxp1BLwcj1O/view?usp=drivesdk,,,,,,,,,,,,,,,,
58,COSM-058,Maliao HD High Definition Oil-Free Foundation,Maliao,Beauty & Cosmetics,Foundations & Face Base,"Maliao HD High Definition Foundation 02 Ivory by Maliao delivers high-definition flawless coverage with a smooth, blendable matte finish. Lightweight, oil-free formula designed for long-lasting all-day wear.",₹499,₹369,100,Cosmatic,Active,https://drive.google.com/file/d/1xPbyUtXGMtt3DLAi6GPKzXDgMqXh8iGL/view?usp=drivesdk,https://drive.google.com/file/d/1JjwWRiE7SvqnI3r54swr1ywIsaF1yO0R/view?usp=drivesdk,,,,,,,,,,,,,,,,
59,COSM-059,Maliao Matte Lip and Eye Pencil Set,Maliao,Beauty & Cosmetics,Lip Products,"Premium quality Maliao Matte Lip and Eye Pencil Set by Maliao designed for exceptional performance, durability, and customer satisfaction.",₹799,₹599,100,Cosmatic,Active,https://drive.google.com/file/d/1o-9qQhtMunxXloTArgaF4OMCY-dcPAqw/view?usp=drivesdk,https://drive.google.com/file/d/1GuCR_wGWc5uXK9syTORtzRq2wLF99fby/view?usp=drivesdk,https://drive.google.com/file/d/1TMmCuxafwsmRvnLin8njcuoCQca8-JIN/view?usp=drivesdk,,,,,,,,,,,,,,,
60,COSM-060,Maliao Matte Lipstick,Maliao,Beauty & Cosmetics,Lipsticks,"Experience rich color payoff with Maliao Matte Lipstick Shade Brick Wine from Maliao. Formulated with ultra-pigmented matte and moisturizing agents that glide smoothly for velvety soft, kiss-proof lips.",₹299,₹229,100,Cosmatic,Active,https://drive.google.com/file/d/1P2-NkG6I3_c-mGj6-tpFDiknVF8NqHGl/view?usp=drivesdk,https://drive.google.com/file/d/1YjSkKcIaiIRwxAkAvzJJZTPCCX2AA9wC/view?usp=drivesdk,https://drive.google.com/file/d/1_mVEouktGYvScz8XNppL9YTIKtnFXVht/view?usp=drivesdk,https://drive.google.com/file/d/1ddfNn6JrDsOQHNodt1uhvbJFq_-pE7lD/view?usp=drivesdk,https://drive.google.com/file/d/1JVT6K4MJHI77JsVA3Xx2fQWrxhJTeb4Y/view?usp=drivesdk,https://drive.google.com/file/d/1Ilb_rEPjCFNxek1F4Y0zxwXqw-MzIUbW/view?usp=drivesdk,https://drive.google.com/file/d/18vs26A3LdrXO3Kt141-pSnc_Mots-FzP/view?usp=drivesdk,,,,,,,,,,,
61,COSM-061,Maliao Matte Liquid Foundation,Maliao,Beauty & Cosmetics,Foundations & Face Base,"Maliao Matte Liquid Foundation by Maliao delivers high-definition flawless coverage with a smooth, blendable matte finish. Lightweight, oil-free formula designed for long-lasting all-day wear.",₹499,₹369,100,Cosmatic,Active,https://drive.google.com/file/d/1OkNNcZ4TF1S1xdUzm8ADwOSmtyqFAwtu/view?usp=drivesdk,,,,,,,,,,,,,,,,,
62,COSM-062,Maliao Oil Free Liquid Foundation Bottle,Maliao,Beauty & Cosmetics,Foundations & Face Base,"Maliao Oil Free Liquid Foundation Bottle by Maliao delivers high-definition flawless coverage with a smooth, blendable matte finish. Lightweight, oil-free formula designed for long-lasting all-day wear.",₹499,₹369,100,Cosmatic,Active,https://drive.google.com/file/d/1sllEqOoszeOLwrpjpMTswheDBSA4P4FB/view?usp=drivesdk,,,,,,,,,,,,,,,,,
63,COSM-063,Maliao Pearl Illuminator Makeup Base,Maliao,Beauty & Cosmetics,Foundations & Face Base,"Premium quality Maliao Pearl Illuminator Makeup Base by Maliao designed for exceptional performance, durability, and customer satisfaction.",₹299,₹229,100,Cosmatic,Active,https://drive.google.com/file/d/1xHFO1XBdZoSPakCDBMHinhKgB12iHFxd/view?usp=drivesdk,https://drive.google.com/file/d/1HJan9aGL35Ziam9gWReBZHnElTST4rEW/view?usp=drivesdk,,,,,,,,,,,,,,,,
64,COSM-064,Maliao Prestige Light-in-White BB Cream,Maliao,Beauty & Cosmetics,Foundations & Face Base,"Maliao Prestige Light-in-White BB Cream by Maliao combines skincare and natural coverage. Infused with SPF and nourishing ingredients to protect, hydrate, and even out skin tone.",₹349,₹279,100,Cosmatic,Active,https://drive.google.com/file/d/1bx0nOTXYCpvxExVuLkYX9IMosxy5KsMZ/view?usp=drivesdk,,,,,,,,,,,,,,,,,
65,COSM-065,Maliao Sheer Shimmer Foundation,Maliao,Beauty & Cosmetics,Foundations & Face Base,"Maliao Sheer Shimmer Foundation by Maliao delivers high-definition flawless coverage with a smooth, blendable matte finish. Lightweight, oil-free formula designed for long-lasting all-day wear.",₹499,₹369,100,Cosmatic,Active,https://drive.google.com/file/d/1MbgKKa1_v_nZEb9twIRlszR8zqWMbXSJ/view?usp=drivesdk,,,,,,,,,,,,,,,,,
66,COSM-066,Maliao Skin BB Cream,Maliao,Beauty & Cosmetics,Foundations & Face Base,"Maliao Skin BB Cream by Maliao combines skincare and natural coverage. Infused with SPF and nourishing ingredients to protect, hydrate, and even out skin tone.",₹349,₹279,100,Cosmatic,Active,https://drive.google.com/file/d/1Li0LJxkiesEAlxWh47rpzjY7r9SjV6nX/view?usp=drivesdk,,,,,,,,,,,,,,,,,
67,COSM-067,Maliao Skinveil High Coverage Foundation,Maliao,Beauty & Cosmetics,Foundations & Face Base,"Maliao Skinveil High Coverage Foundation by Maliao delivers high-definition flawless coverage with a smooth, blendable matte finish. Lightweight, oil-free formula designed for long-lasting all-day wear.",₹499,₹369,100,Cosmatic,Active,https://drive.google.com/file/d/1kFo04cAw1mf7vSIg0vGUfWYgixmSIs4T/view?usp=drivesdk,,,,,,,,,,,,,,,,,
68,COSM-068,Maliao Super Non Transfer Lipstick,Maliao,Beauty & Cosmetics,Lipsticks,"Experience rich color payoff with Maliao Super Non Transfer Lipstick from Maliao. Formulated with ultra-pigmented matte and moisturizing agents that glide smoothly for velvety soft, kiss-proof lips.",₹299,₹229,100,Cosmatic,Active,https://drive.google.com/file/d/12RG3XEoh5DddPPqEh03d072S4Qt--76-/view?usp=drivesdk,https://drive.google.com/file/d/1Q7NvvvrLY9YaNPcKeA1Ki-qh4YkCJfOv/view?usp=drivesdk,https://drive.google.com/file/d/1wvihFtvoA6RGIDoJqgXH1AJV-LUaMmL1/view?usp=drivesdk,,,,,,,,,,,,,,,
69,COSM-069,Maliao Ultra HD Foundation,Maliao,Beauty & Cosmetics,Foundations & Face Base,"Maliao Ultra HD Foundation by Maliao delivers high-definition flawless coverage with a smooth, blendable matte finish. Lightweight, oil-free formula designed for long-lasting all-day wear.",₹499,₹369,100,Cosmatic,Active,https://drive.google.com/file/d/101C7lc2SB1Htrh98cLQ_koeu9dpFvbKT/view?usp=drivesdk,,,,,,,,,,,,,,,,,
70,COSM-070,Matt Look Desi Diva Matte Lipstick,Matt Look,Beauty & Cosmetics,Lipsticks,"Experience rich color payoff with Matt Look Desi Diva Matte Lipstick 1 from Matt Look. Formulated with ultra-pigmented matte and moisturizing agents that glide smoothly for velvety soft, kiss-proof lips.",₹299,₹229,100,Cosmatic,Active,https://drive.google.com/file/d/1i3KMh5HSsZuudhWIiWftZoJJO57NDTBr/view?usp=drivesdk,https://drive.google.com/file/d/1U7rowR0wkKq2RYHYtHFKtCZ3E6jt4MQ0/view?usp=drivesdk,https://drive.google.com/file/d/1NMBxHEgG1Bkrvgf5IF6H9qKGdWvILJGS/view?usp=drivesdk,,,,,,,,,,,,,,,
71,COSM-071,Matt Look Swipe It Off Nail Paint Remover Wipes,Matt Look,Beauty & Cosmetics,Nail Art & Press-ons,"Premium quality Matt Look Swipe It Off Nail Paint Remover Wipes by Matt Look designed for exceptional performance, durability, and customer satisfaction.",₹299,₹229,100,Mere pass,Active,https://drive.google.com/file/d/1exAfVuYOWMUzjqy0sRv8a5qNWtjVz6-z/view?usp=drivesdk,https://drive.google.com/file/d/1g1u3IqtsLwTYeI1O9yvsxcUG3m7DgD2e/view?usp=drivesdk,,,,,,,,,,,,,,,,
72,COSM-072,Ocean Beauty Oval Pebble Matte Lipstick Set,Ocean Beauty,Beauty & Cosmetics,Lipsticks,"Experience rich color payoff with Ocean Beauty Oval Pebble Matte Lipstick 2 from Ocean Beauty. Formulated with ultra-pigmented matte and moisturizing agents that glide smoothly for velvety soft, kiss-proof lips.",₹299,₹229,100,Cosmatic,Active,https://drive.google.com/file/d/1NkEJbUGSClG8KFumF-cBQ6aSyjp1lCTi/view?usp=drivesdk,https://drive.google.com/file/d/1LLbu_hW9uWelm517beWrqPkDu0SWDJEI/view?usp=drivesdk,https://drive.google.com/file/d/1gyhpNNpC7i4BqQhBCHO09grNdXR0ekiw/view?usp=drivesdk,https://drive.google.com/file/d/1iXNcv54LTFplGgxQdvul73dFyYhjnSvz/view?usp=drivesdk,,,,,,,,,,,,,,
73,COSM-073,Party Story Press On Nails Set,Party Story,Beauty & Cosmetics,Nail Art & Press-ons,"Premium quality Party Story Press On Nails Set by Party Story designed for exceptional performance, durability, and customer satisfaction.",₹799,₹599,100,Mere pass,Active,https://drive.google.com/file/d/1F8VqL0HqzsQZ3IJpPE3MyWPGYYkHa5Ch/view?usp=drivesdk,,,,,,,,,,,,,,,,,
74,COSM-074,Chanlanya Jelly Moisturizing Lip Gloss with Keychain,Premium Retail,Beauty & Cosmetics,Lip Glosses & Balms,Add brilliant shine and hydration with Chanlanya Jelly Moisturizing Lip Gloss with Keychain by Premium Retail. Non-sticky texture provides a plumping effect with irresistible color and moisture.,₹299,₹229,100,Mere pass,Active,https://drive.google.com/file/d/1FEcPCbCRjSNECIsLFt5qCax2ZDAFer8D/view?usp=drivesdk,https://drive.google.com/file/d/1howxYFb8PQYpO72MzTGMzUjHIa9lLJJw/view?usp=drivesdk,,,,,,,,,,,,,,,,
75,COSM-075,Chocolate Matte Lip Gloss and Lip Liner Duo,Premium Retail,Beauty & Cosmetics,Lip Glosses,Add brilliant shine and hydration with Chocolate Matte Lip Gloss and Lip Liner Duo by Premium Retail. Non-sticky texture provides a plumping effect with irresistible color and moisture.,₹199,₹149,100,Cosmatic,Active,https://drive.google.com/file/d/10ANyuz7sCNQEVHkaraiG7nEP9lOdJmAX/view?usp=drivesdk,,,,,,,,,,,,,,,,,
76,COSM-076,Cute Bear Lip Balm Pot Set,Premium Retail,Beauty & Cosmetics,Lip Care & Treatments,"Premium quality Cute Bear Lip Balm Pot Set by Premium Retail designed for exceptional performance, durability, and customer satisfaction.",₹799,₹599,100,Cosmatic,Active,https://drive.google.com/file/d/1qI_REKuuMgxjNNNABgdLHZBPGlGfaDSq/view?usp=drivesdk,,,,,,,,,,,,,,,,,
77,COSM-077,Davis Recover Vitamin C and E Foundation,Premium Retail,Beauty & Cosmetics,Foundations & Face Base,"Davis Recover Vitamin C and E Foundation by Premium Retail delivers high-definition flawless coverage with a smooth, blendable matte finish. Lightweight, oil-free formula designed for long-lasting all-day wear.",₹499,₹369,100,Cosmatic,Active,https://drive.google.com/file/d/1Gb-oUx56Rco4iTrts4tYNAA12Tra2jnH/view?usp=drivesdk,,,,,,,,,,,,,,,,,
78,COSM-078,Diamond Beauty Fit Me 24H Matte Foundation,Premium Retail,Beauty & Cosmetics,Foundations & Face Base,"Diamond Beauty Fit Me 24H Matte Foundation by Premium Retail delivers high-definition flawless coverage with a smooth, blendable matte finish. Lightweight, oil-free formula designed for long-lasting all-day wear.",₹499,₹369,100,Cosmatic,Active,https://drive.google.com/file/d/1CZXlwfSDjWXK0F6LrNqXWbD3H-H2a4LG/view?usp=drivesdk,,,,,,,,,,,,,,,,,
79,COSM-079,Diamond Beauty Glass Like Dewy Lip Gloss,Premium Retail,Beauty & Cosmetics,Lip Glosses,Add brilliant shine and hydration with Diamond Beauty Glass Like Dewy Lip Gloss by Premium Retail. Non-sticky texture provides a plumping effect with irresistible color and moisture.,₹299,₹229,100,Cosmatic,Active,https://drive.google.com/file/d/1o47sZivjCgHDjeCdz3JD2TCDGAbrUaaM/view?usp=drivesdk,https://drive.google.com/file/d/1Qp8D9RprV8NlShlEFD6U34oAtUc_pYYE/view?usp=drivesdk,,,,,,,,,,,,,,,,
80,COSM-080,Dual Ended Matte and Gloss Liquid Lipstick Graphic,Premium Retail,Beauty & Cosmetics,Lipsticks,"Experience rich color payoff with Dual Ended Matte and Gloss Liquid Lipstick Graphic from Premium Retail. Formulated with ultra-pigmented matte and moisturizing agents that glide smoothly for velvety soft, kiss-proof lips.",₹299,₹229,100,Cosmatic,Active,https://drive.google.com/file/d/15KwvVFZKhwyccTo4uHtnVbtkdg6kYHEw/view?usp=drivesdk,,,,,,,,,,,,,,,,,
81,COSM-081,Edge of Desire Lip Liner Pack of 10,Premium Retail,Beauty & Cosmetics,Lip Liners,Define and sculpt your lips effortlessly with Edge of Desire Lip Liner Pack of 10 by Premium Retail. Features a smooth glide formula for precise contours and smudge-free lip makeup.,₹199,₹149,100,Mere pass,Active,https://drive.google.com/file/d/1iCez90ZflpXQoKLh-_n4xJGmIMNm0Mf8/view?usp=drivesdk,https://drive.google.com/file/d/1P7kx4-z8SgZx2mb7JeArk1S44Mr-CqW1/view?usp=drivesdk,,,,,,,,,,,,,,,,
82,COSM-082,Fluted Shell Matte Lipstick,Premium Retail,Beauty & Cosmetics,Lipsticks,"Experience rich color payoff with Fluted Shell Matte Lipstick from Premium Retail. Formulated with ultra-pigmented matte and moisturizing agents that glide smoothly for velvety soft, kiss-proof lips.",₹299,₹229,100,Cosmatic,Active,https://drive.google.com/file/d/10_MMBwM89XWMbe3X7Uq61eB880JKgWl9/view?usp=drivesdk,https://drive.google.com/file/d/1tN0cj315H4kEefdFaTouTvQgqtZRLz21/view?usp=drivesdk,,,,,,,,,,,,,,,,
83,COSM-083,Luxury Gold Knot Matte Lipstick,Premium Retail,Beauty & Cosmetics,Lipsticks,"Experience rich color payoff with Luxury Gold Knot Matte Lipstick 1 from Premium Retail. Formulated with ultra-pigmented matte and moisturizing agents that glide smoothly for velvety soft, kiss-proof lips.",₹299,₹229,100,Cosmatic,Active,https://drive.google.com/file/d/1H6waP5EbHAN3xGF6S5d_3KmVf6ZzDNhs/view?usp=drivesdk,https://drive.google.com/file/d/166R71avuA-n_BFZ0fAfBvoPUWLQMWR7S/view?usp=drivesdk,,,,,,,,,,,,,,,,
84,COSM-084,Matte Liquid Lipstick and Lip Liner Duo Magenta,Premium Retail,Beauty & Cosmetics,Lipsticks,"Experience rich color payoff with Matte Liquid Lipstick and Lip Liner Duo Magenta from Premium Retail. Formulated with ultra-pigmented matte and moisturizing agents that glide smoothly for velvety soft, kiss-proof lips.",₹199,₹149,100,Cosmatic,Active,https://drive.google.com/file/d/1KQnumjof7kkleGt6rl0qy6euEvM7Rtha/view?usp=drivesdk,,,,,,,,,,,,,,,,,
85,COSM-085,Mega Matte Lip Gloss Collection Vanity Box,Premium Retail,Beauty & Cosmetics,Lip Glosses,Add brilliant shine and hydration with Mega Matte Lip Gloss Collection Vanity Box by Premium Retail. Non-sticky texture provides a plumping effect with irresistible color and moisture.,₹799,₹599,100,Cosmatic,Active,https://drive.google.com/file/d/1dEwhTuCIqo7S6_YIzeY1n_psGcl1KOyd/view?usp=drivesdk,,,,,,,,,,,,,,,,,
86,COSM-086,Perfect Touch Foundation Cream,Premium Retail,Beauty & Cosmetics,Foundations & Face Base,"Perfect Touch 5 in 1 BB Foundation Cream by Premium Retail delivers high-definition flawless coverage with a smooth, blendable matte finish. Lightweight, oil-free formula designed for long-lasting all-day wear.",₹499,₹369,100,Cosmatic,Active,https://drive.google.com/file/d/1NX53EBGbFojZkOI4JvPT2hFMBe-QvSgR/view?usp=drivesdk,https://drive.google.com/file/d/14KZ0LYFSj1hLk931yDvB19WX0-rPQ3hS/view?usp=drivesdk,,,,,,,,,,,,,,,,
87,COSM-087,Ribbed Matte Lipstick Dual Pack,Premium Retail,Beauty & Cosmetics,Lipsticks,"Experience rich color payoff with Ribbed Matte Lipstick Dual Pack from Premium Retail. Formulated with ultra-pigmented matte and moisturizing agents that glide smoothly for velvety soft, kiss-proof lips.",₹299,₹229,100,Cosmatic,Active,https://drive.google.com/file/d/1dLAGXAb6064EMbG74LwWGa5vfMmYmG3j/view?usp=drivesdk,,,,,,,,,,,,,,,,,
88,COSM-088,Trending Dripping Bullet Lipstick,Premium Retail,Beauty & Cosmetics,Lipsticks,"Experience rich color payoff with Trending Dripping Bullet Lipstick 1 from Premium Retail. Formulated with ultra-pigmented matte and moisturizing agents that glide smoothly for velvety soft, kiss-proof lips.",₹299,₹229,100,Cosmatic,Active,https://drive.google.com/file/d/1TuY1e6TLRyF1EPa7Pu2Jc3M7v5oVzaXw/view?usp=drivesdk,https://drive.google.com/file/d/1eCGV8gjx9t9SMdMfbyJVWaprx1jhOV1R/view?usp=drivesdk,https://drive.google.com/file/d/1o6405hLb4OTJzRPMS5L9tXez2jy3v53q/view?usp=drivesdk,https://drive.google.com/file/d/1phvKcC511HMmGXMeerQ1gK2qD-RA5NA0/view?usp=drivesdk,https://drive.google.com/file/d/17X7Ba797M2YHYm40o8-0X3g-hE6BPBDX/view?usp=drivesdk,,,,,,,,,,,,,
89,COSM-089,RENEE Everyday Liquid Lipstick,RENEE,Beauty & Cosmetics,Lipsticks,"Experience rich color payoff with Renee Everyday Liquid Lipstick from RENEE. Formulated with ultra-pigmented matte and moisturizing agents that glide smoothly for velvety soft, kiss-proof lips.",₹499,₹399,100,Cosmatic,Active,https://drive.google.com/file/d/1_KN8k5ga0GiKteAu7rsP6VKRfaI2erP9/view?usp=drivesdk,,,,,,,,,,,,,,,,,
90,COSM-090,RENEE Everyday Matte Lipstick,RENEE,Beauty & Cosmetics,Lipsticks,"Experience rich color payoff with Renee Everyday Matte Lipstick from RENEE. Formulated with ultra-pigmented matte and moisturizing agents that glide smoothly for velvety soft, kiss-proof lips.",₹499,₹399,100,Cosmatic,Active,https://drive.google.com/file/d/1UUQfllP0QQU5rFq4SV32v8TgxKpB2BON/view?usp=drivesdk,https://drive.google.com/file/d/1FrmPsE68qfUuACnrr0e9wTzDKJZZRL66/view?usp=drivesdk,https://drive.google.com/file/d/102w7cZ7OEoV0eK831tU_TasY8g_nZaWv/view?usp=drivesdk,https://drive.google.com/file/d/1NSEeefvzvMlKLzEcT6aA4bEZsaFih0H4/view?usp=drivesdk,https://drive.google.com/file/d/1WfcCEKA4i_3X4LHt1p51-dzTS2NGgzrA/view?usp=drivesdk,https://drive.google.com/file/d/1npDWqLRZMQW-6iVQGwaFgL1p0Awn_jnO/view?usp=drivesdk,https://drive.google.com/file/d/1Ml0oceUA3iCw7qDCrVHFNqHPRpsRm0tX/view?usp=drivesdk,,,,,,,,,,,
91,COSM-091,RENEE Matte Lip Color Play of Clay Lipstick,RENEE,Beauty & Cosmetics,Lipsticks,"Experience rich color payoff with RENEE Matte Lip Color Play of Clay Lipstick from RENEE. Formulated with ultra-pigmented matte and moisturizing agents that glide smoothly for velvety soft, kiss-proof lips.",₹499,₹399,100,Cosmatic,Active,https://drive.google.com/file/d/1hEyvuoZfgiYVR_4hDNLBiahUJPZuzdoi/view?usp=drivesdk,,,,,,,,,,,,,,,,,
92,COSM-092,RENEE Stay With Me Matte Lip Color Mad For Maroon,RENEE,Beauty & Cosmetics,Lip Products,"Premium quality RENEE Stay With Me Matte Lip Color Mad For Maroon by RENEE designed for exceptional performance, durability, and customer satisfaction.",₹499,₹399,100,Cosmatic,Active,https://drive.google.com/file/d/17PB-5zD8ybN5sd4A7c_0qL6jdOvyhSTk/view?usp=drivesdk,https://drive.google.com/file/d/1kjLi4In2cXeFMcsORkQ7hVYtYamwHG8X/view?usp=drivesdk,,,,,,,,,,,,,,,,
93,COSM-093,SS Beauty High Coverage Waterproof Foundation,SS Beauty,Beauty & Cosmetics,Foundations & Face Base,"SS Beauty High Coverage Waterproof Foundation by SS Beauty delivers high-definition flawless coverage with a smooth, blendable matte finish. Lightweight, oil-free formula designed for long-lasting all-day wear.",₹499,₹369,100,Cosmatic,Active,https://drive.google.com/file/d/1tXqqcvXy7y_PvO6pNT-bGwRJwVbLhAXl/view?usp=drivesdk,,,,,,,,,,,,,,,,,
94,COSM-094,SS Beauty Oil Free Natural Liquid Foundation 50ml,SS Beauty,Beauty & Cosmetics,Foundations & Face Base,"SS Beauty Oil Free Natural Liquid Foundation 50ml by SS Beauty delivers high-definition flawless coverage with a smooth, blendable matte finish. Lightweight, oil-free formula designed for long-lasting all-day wear.",₹499,₹369,100,Cosmatic,Active,https://drive.google.com/file/d/1qThwI6ZLiIakvS1SS4zeDT5HU9CXbDEa/view?usp=drivesdk,,,,,,,,,,,,,,,,,
95,COSM-095,SUGAR Matte As Hell Crayon Lipstick,SUGAR,Beauty & Cosmetics,Lipsticks,"Experience rich color payoff with SUGAR Matte As Hell Crayon Lipstick from SUGAR. Formulated with ultra-pigmented matte and moisturizing agents that glide smoothly for velvety soft, kiss-proof lips.",₹599,₹479,100,Cosmatic,Active,https://drive.google.com/file/d/1gWmekGrdXJK9mEUFe3a_h4QrC5mpRimi/view?usp=drivesdk,https://drive.google.com/file/d/114b1yHIrYp7X-f_PgRW4wMBKXetIFa-9/view?usp=drivesdk,https://drive.google.com/file/d/1S5VgFh7nKKWPDlG6Pdm_zvwEuUWJ7Fix/view?usp=drivesdk,,,,,,,,,,,,,,,
96,COSM-096,SUGAR Satin Comfort Lipstick,SUGAR,Beauty & Cosmetics,Lipsticks,"Experience rich color payoff with SUGAR Premium Satin Lipstick with Swatch from SUGAR. Formulated with ultra-pigmented matte and moisturizing agents that glide smoothly for velvety soft, kiss-proof lips.",₹599,₹479,100,Cosmatic,Active,https://drive.google.com/file/d/1ka75OhV4AnYROxQe3C5zBMLcrfqWV5nd/view?usp=drivesdk,https://drive.google.com/file/d/1F69mYgInvlYEgDCqQVyGBKYBFoIfIPSV/view?usp=drivesdk,https://drive.google.com/file/d/1RZ5AboII10E3gOZe-YSXheribqbjZVaF/view?usp=drivesdk,https://drive.google.com/file/d/1AEgl92FObNHe9L-IrTuKtJNmNgkzKXKx/view?usp=drivesdk,,,,,,,,,,,,,,
97,COSM-097,Kuromi Character Glitter Lip Gloss,Sanrio Kuromi,Beauty & Cosmetics,Lip Glosses & Balms,Add brilliant shine and hydration with Kuromi Character Glitter Lip Gloss by Sanrio Kuromi. Non-sticky texture provides a plumping effect with irresistible color and moisture.,₹299,₹229,100,Mere pass,Active,https://drive.google.com/file/d/1iAzvFElkyb-6TDXYXOYte7lzEUTUlC6X/view?usp=drivesdk,https://drive.google.com/file/d/1bJahY-QXTOKV8AtY_aNTFgJRukZx1hXJ/view?usp=drivesdk,,,,,,,,,,,,,,,,
98,COSM-098,Shills Professional Matte Liquid Lipstick,Shills Professional,Beauty & Cosmetics,Lipsticks,"Experience rich color payoff with Shills Professional Matte Liquid Lipstick from Shills Professional. Formulated with ultra-pigmented matte and moisturizing agents that glide smoothly for velvety soft, kiss-proof lips.",₹299,₹229,100,Cosmatic,Active,https://drive.google.com/file/d/1RQO4HNMWJMEyqMHFa0w3TDPDnRVHZDX-/view?usp=drivesdk,,,,,,,,,,,,,,,,,
99,COSM-099,Sky High Lip Gloss and Lip Liner Duo,Sky High,Beauty & Cosmetics,Lip Glosses,Add brilliant shine and hydration with Sky High Lip Gloss and Lip Liner Duo by Sky High. Non-sticky texture provides a plumping effect with irresistible color and moisture.,₹199,₹149,100,Cosmatic,Active,https://drive.google.com/file/d/1mZA0xi3G4AagmCOeZ_DHDmRf57xUueQQ/view?usp=drivesdk,https://drive.google.com/file/d/16eNAQsmuFzGKav9PWVI1ZhK_LHWB57Ke/view?usp=drivesdk,https://drive.google.com/file/d/1beH7DW91HXQSp_cVkU3Qt47-JKIn-jrg/view?usp=drivesdk,https://drive.google.com/file/d/1RMhrM69ZhunxMFr9SBLx2tISdaVyNpAW/view?usp=drivesdk,,,,,,,,,,,,,,
100,COSM-100,Sky High Liquid Lipstick 5-Piece Bundle,Sky High,Beauty & Cosmetics,Lipsticks,"Experience rich color payoff with Sky High Liquid Lipstick 5-Piece Bundle from Sky High. Formulated with ultra-pigmented matte and moisturizing agents that glide smoothly for velvety soft, kiss-proof lips.",₹799,₹599,100,Cosmatic,Active,https://drive.google.com/file/d/1O7uFI4uLEkZeVnp8QK6TYh0e7k9O2qAj/view?usp=drivesdk,,,,,,,,,,,,,,,,,
101,COSM-101,Swiss Beauty Duo Lipstick & Gloss,Swiss Beauty,Beauty & Cosmetics,Lipsticks,"Experience rich color payoff with Swiss Beauty Duo Lipstick & Gloss Product Display from Swiss Beauty. Formulated with ultra-pigmented matte and moisturizing agents that glide smoothly for velvety soft, kiss-proof lips.",₹249,₹199,100,Cosmatic,Active,https://drive.google.com/file/d/1bV35hJtM6Jq5GJ6fFuOkRD7Tl0L2dcHn/view?usp=drivesdk,https://drive.google.com/file/d/1AywdT3wGEDCFXLOdONj0DG2jO6DjyH1q/view?usp=drivesdk,https://drive.google.com/file/d/1oUGfBiqKdY03VQ1EssvuBS8rym8qQQtH/view?usp=drivesdk,https://drive.google.com/file/d/1hwtTxSQ4ne3EI5XF5DOQI0UkdEcpLaEE/view?usp=drivesdk,https://drive.google.com/file/d/1vfN2gAk_5d8wMeNro6-PKb-cwF4Tr_sq/view?usp=drivesdk,,,,,,,,,,,,,
102,COSM-102,Swiss Beauty Satin Comfort Lipstick,Swiss Beauty,Beauty & Cosmetics,Lipsticks,"Experience rich color payoff with Swiss Beauty Satin Comfort Lipstick 20 Shades Overview from Swiss Beauty. Formulated with ultra-pigmented matte and moisturizing agents that glide smoothly for velvety soft, kiss-proof lips.",₹249,₹199,100,Cosmatic,Active,https://drive.google.com/file/d/1sKw1GB7JoYPRuQ3DjMg1ifvsKBvXrEGW/view?usp=drivesdk,https://drive.google.com/file/d/1NWQbFRKwR21y8BceRjmPJGkoEuILcJJn/view?usp=drivesdk,https://drive.google.com/file/d/1iMMi5czFdinLLSR-6u_gV0plYvemELJi/view?usp=drivesdk,,,,,,,,,,,,,,,
103,COSM-103,Teen Teen 7 in One BB Cream SPF 33,Teen Teen,Beauty & Cosmetics,Foundations & Face Base,"Teen Teen 7 in One BB Cream SPF 33 Shades Chart by Teen Teen combines skincare and natural coverage. Infused with SPF and nourishing ingredients to protect, hydrate, and even out skin tone.",₹349,₹279,100,Cosmatic,Active,https://drive.google.com/file/d/1vKA_9RtbKEBPcgXNn60pFwc-JUQo_jNB/view?usp=drivesdk,,,,,,,,,,,,,,,,,
104,KIDS-104,Cartoon Bear Sipper Water Bottle,Premium Retail,Kids & Lifestyle Accessories,Water Bottles & Sippers,"BPA-free Cartoon Bear Sipper Water Bottle featuring leak-proof lid, ergonomic grip, and cute aesthetic design, perfect for school, office, travel, and daily hydration.",₹499,₹349,100,Mere pass,Active,https://drive.google.com/file/d/1Mc7SPQN4mQD1h3_T7XZffOK5camq7ZZ9/view?usp=drivesdk,,,,,,,,,,,,,,,,,
105,KIDS-105,Cartoon Bunny Rocket Sipper Water Bottle,Premium Retail,Kids & Lifestyle Accessories,Water Bottles & Sippers,"BPA-free Cartoon Bunny Rocket Sipper Water Bottle featuring leak-proof lid, ergonomic grip, and cute aesthetic design, perfect for school, office, travel, and daily hydration.",₹499,₹349,100,Mere pass,Active,https://drive.google.com/file/d/1RluVrF-CFxc02MrSt_0BZF9ebYilYs5z/view?usp=drivesdk,,,,,,,,,,,,,,,,,
106,KIDS-106,Cinnamoroll Cartoon Sipper Water Bottle,Premium Retail,Kids & Lifestyle Accessories,Water Bottles & Sippers,"BPA-free Cinnamoroll Cartoon Sipper Water Bottle featuring leak-proof lid, ergonomic grip, and cute aesthetic design, perfect for school, office, travel, and daily hydration.",₹499,₹349,100,Mere pass,Active,https://drive.google.com/file/d/1LKVR9Yb_YSnuJcwf0cyDR1e957Qv52EY/view?usp=drivesdk,,,,,,,,,,,,,,,,,
107,KIDS-107,Dual Drink Hello Gradient Square Water Bottle,Premium Retail,Kids & Lifestyle Accessories,Water Bottles & Sippers,"BPA-free Dual Drink Hello Gradient Square Water Bottle 1 featuring leak-proof lid, ergonomic grip, and cute aesthetic design, perfect for school, office, travel, and daily hydration.",₹499,₹349,100,Mere pass,Active,https://drive.google.com/file/d/1U4sM6CKmKI0gD8-15mE6GEWi5HLooCjf/view?usp=drivesdk,https://drive.google.com/file/d/1PGCyzLeMfPBCeZkN4X0gjS4iGRArHPP8/view?usp=drivesdk,https://drive.google.com/file/d/187TDqQ7uYVyDEODrHHm5FjRTeVeO-k4M/view?usp=drivesdk,,,,,,,,,,,,,,,
108,KIDS-108,Stitch Cartoon Sipper Water Bottle,Premium Retail,Kids & Lifestyle Accessories,Water Bottles & Sippers,"BPA-free Stitch Cartoon Sipper Water Bottle 1 featuring leak-proof lid, ergonomic grip, and cute aesthetic design, perfect for school, office, travel, and daily hydration.",₹499,₹349,100,Mere pass,Active,https://drive.google.com/file/d/1b_gkTxjp4Adc7zkLF6Eg1z6cVh5RiBVW/view?usp=drivesdk,https://drive.google.com/file/d/1JaP86AzWIJ0cSIGLFQDMPRkCUR0mVt6X/view?usp=drivesdk,https://drive.google.com/file/d/1CKNpgCyC173owfoZQyC3mK_KYKkadz9q/view?usp=drivesdk,https://drive.google.com/file/d/1HzUmuWx9sY00mxwpq0PzBKL8O9PyMmZ6/view?usp=drivesdk,,,,,,,,,,,,,,
109,KIDS-109,Kuromi Cartoon Sipper Water Bottle,Sanrio Kuromi,Kids & Lifestyle Accessories,Water Bottles & Sippers,"BPA-free Kuromi Cartoon Sipper Water Bottle featuring leak-proof lid, ergonomic grip, and cute aesthetic design, perfect for school, office, travel, and daily hydration.",₹499,₹349,100,Mere pass,Active,https://drive.google.com/file/d/1SdYnFsfjNjjTtpM7KseZT89CCyHmssoJ/view?usp=drivesdk,,,,,,,,,,,,,,,,,
110,KIDS-110,My Melody Cartoon Sipper Water Bottle,Sanrio My Melody,Kids & Lifestyle Accessories,Water Bottles & Sippers,"BPA-free My Melody Cartoon Sipper Water Bottle 1 featuring leak-proof lid, ergonomic grip, and cute aesthetic design, perfect for school, office, travel, and daily hydration.",₹499,₹349,100,Mere pass,Active,https://drive.google.com/file/d/1r7hFFfuisMPGzO1qDjO_9bBEIN5BrPm5/view?usp=drivesdk,https://drive.google.com/file/d/1uEAlM4VHRo6MKgo_89jq5VAYjIFTd15R/view?usp=drivesdk,,,,,,,,,,,,,,,,
111,SKIN-111,Dr Rashel Korean Glass Skin Essence Face Wash,Dr. Rashel,Skincare & Personal Care,Face Wash & Cleansers,"Dr Rashel Korean Glass Skin Essence Face Wash deeply cleanses and purifies skin while locking in hydration. Leaves complexion radiant, refreshed, and glowing.",₹399,₹299,100,Mere pass,Active,https://drive.google.com/file/d/1QaKaxv8dulPTAt1Lk9xj6o0_9uSm_Ob1/view?usp=drivesdk,,,,,,,,,,,,,,,,,
112,SKIN-112,Dr Rashel Pearl Face Pack,Dr. Rashel,Skincare & Personal Care,Face Packs & Masks,"Revitalize your skincare routine with Dr Rashel Pearl Face Pack. Gently exfoliates and detoxifies pores to unveil a clearer, visibly smooth skin texture.",₹399,₹299,100,Mere pass,Active,https://drive.google.com/file/d/1lzvs3IntlLZwgHp8dYCHA8g8hUkkjnMO/view?usp=drivesdk,,,,,,,,,,,,,,,,,
113,SKIN-113,Dr Rashel Vitamin C Cream,Dr. Rashel,Skincare & Personal Care,Moisturizers & Creams,"Premium quality Dr Rashel Vitamin C Cream by Dr. Rashel designed for exceptional performance, durability, and customer satisfaction.",₹399,₹299,100,Mere pass,Active,https://drive.google.com/file/d/1-osYn1gbWasv1KCdCBTIXvcqM-Y77PA1/view?usp=drivesdk,,,,,,,,,,,,,,,,,
114,SKIN-114,Dr Rashel Vitamin C Face Pack,Dr. Rashel,Skincare & Personal Care,Face Packs & Masks,"Revitalize your skincare routine with Dr Rashel Vitamin C Face Pack 1. Gently exfoliates and detoxifies pores to unveil a clearer, visibly smooth skin texture.",₹399,₹299,100,Mere pass,Active,https://drive.google.com/file/d/1JQj4sXsMiGS6Rs5V3O39bQiyV03a3Ehy/view?usp=drivesdk,https://drive.google.com/file/d/1c7Nj-dkxX0YiHR1NuhNL60zsycB_DY6l/view?usp=drivesdk,,,,,,,,,,,,,,,,
115,SKIN-115,Dr Rashel Vitamin C Scrub,Dr. Rashel,Skincare & Personal Care,Face & Body Scrubs,"Revitalize your skincare routine with Dr Rashel Vitamin C Scrub 1. Gently exfoliates and detoxifies pores to unveil a clearer, visibly smooth skin texture.",₹399,₹299,100,Mere pass,Active,https://drive.google.com/file/d/1mL6xPtSJeQHlYv1I6efEjrncjflCsKIX/view?usp=drivesdk,https://drive.google.com/file/d/1tXvVR3sfkqprU8ALhcXRWOvFgRSKHM0k/view?usp=drivesdk,,,,,,,,,,,,,,,,
116,SKIN-116,Dr Rashel White Skin Face Pack,Dr. Rashel,Skincare & Personal Care,Face Packs & Masks,"Revitalize your skincare routine with Dr Rashel White Skin Face Pack. Gently exfoliates and detoxifies pores to unveil a clearer, visibly smooth skin texture.",₹399,₹299,100,Mere pass,Active,https://drive.google.com/file/d/1LSOS9J1L_Tn7eSvu5I7pMI_kS0f69DWr/view?usp=drivesdk,,,,,,,,,,,,,,,,,
117,SKIN-117,Dr Rashel White Skin Scrub,Dr. Rashel,Skincare & Personal Care,Face & Body Scrubs,"Revitalize your skincare routine with Dr Rashel White Skin Scrub 1. Gently exfoliates and detoxifies pores to unveil a clearer, visibly smooth skin texture.",₹399,₹299,100,Mere pass,Active,https://drive.google.com/file/d/1ar_QmPOtj62cd_CEjSyzicWZ878WPL2Y/view?usp=drivesdk,https://drive.google.com/file/d/1F87np2lNsVK91DFY4BQUzeJzxU9z9C1R/view?usp=drivesdk,,,,,,,,,,,,,,,,
118,SKIN-118,DILY Glow Charcoal Gel Mask Scrub,Premium Retail,Skincare & Personal Care,Face & Body Scrubs,"Revitalize your skincare routine with DILY Glow Charcoal Gel Mask Scrub. Gently exfoliates and detoxifies pores to unveil a clearer, visibly smooth skin texture.",₹399,₹299,100,Mere pass,Active,https://drive.google.com/file/d/1IRbjSRQmrDB88VsPN-aZVYhiHYqia_ub/view?usp=drivesdk,,,,,,,,,,,,,,,,,
119,STAT-119,Spider-Man 3D Embossed Pencil Case,Marvel Spider-Man,Stationery & School Supplies,Pencil Cases & Pouches,"Durable and stylish Spider-Man 3D Embossed Pencil Case 1 featuring vibrant 3D embossed designs, spacious dual-compartment interior, and premium zipper closure for stationery essentials.",₹399,₹279,100,Mere pass,Active,https://drive.google.com/file/d/17aEtuokl-gFYAYzrzP3o-t_mc5Fr0KhD/view?usp=drivesdk,https://drive.google.com/file/d/196hN1C2BwannZn4TyrWko_piD_KtZeiQ/view?usp=drivesdk,https://drive.google.com/file/d/18fLdNiu5pWtTpMNttd2f8-V4fnSvPhqv/view?usp=drivesdk,,,,,,,,,,,,,,,
120,STAT-120,3D Embossed Anime Girl Pencil Case,Premium Retail,Stationery & School Supplies,Pencil Cases & Pouches,"Durable and stylish 3D Embossed Anime Girl Pencil Case 1 featuring vibrant 3D embossed designs, spacious dual-compartment interior, and premium zipper closure for stationery essentials.",₹399,₹279,100,Mere pass,Active,https://drive.google.com/file/d/17wL24o7JZAvAJdmNAepzHhGleFXAuPS4/view?usp=drivesdk,https://drive.google.com/file/d/19LYevXd3Acr9aXuDOoZLZ_yDA6U6yHfb/view?usp=drivesdk,https://drive.google.com/file/d/1NjQClmz7whzN0PrF2WfCCWetH4VGKw_9/view?usp=drivesdk,,,,,,,,,,,,,,,
121,STAT-121,Capybara Geometry Ruler Set 4-Piece,Premium Retail,Stationery & School Supplies,Rulers & Geometry,"Premium quality Capybara Geometry Ruler Set-Piece by Premium Retail designed for exceptional performance, durability, and customer satisfaction.",₹799,₹599,100,Mere pass,Active,https://drive.google.com/file/d/1R2KM8jNWB1TRbQzeMo5lyaN99PIcXd5S/view?usp=drivesdk,https://drive.google.com/file/d/1_mXe8RK1L7PPUiVREqBjTyYyWZ8UIlcJ/view?usp=drivesdk,,,,,,,,,,,,,,,,
122,STAT-122,Capybara Liquid Glitter Ruler,Premium Retail,Stationery & School Supplies,Rulers & Geometry,"Premium quality Capybara Liquid Glitter Ruler by Premium Retail designed for exceptional performance, durability, and customer satisfaction.",₹129,₹89,100,Mere pass,Active,https://drive.google.com/file/d/1qzZWV_sMIl6EcoyV2hweqezFX_Sqg1S4/view?usp=drivesdk,https://drive.google.com/file/d/1Ak60UWEmVGIG2uCjiFZ5n0Z_lCc5cmeJ/view?usp=drivesdk,,,,,,,,,,,,,,,,
123,STAT-123,Cute Cartoon Flip Top Dual Pencil Sharpener,Premium Retail,Stationery & School Supplies,Pencil Sharpeners,"Convenient Cute Cartoon Flip Top Dual Pencil Sharpener equipped with durable carbon steel blades, dual sharpening slots, and an integrated shavings container.",₹149,₹99,100,Mere pass,Active,https://drive.google.com/file/d/1XeWJC17A4F55wL0J-vyetRrBEvaqhB4S/view?usp=drivesdk,,,,,,,,,,,,,,,,,
124,STAT-124,Cute Panda LCD Drawing Tablet Pencil Case,Premium Retail,Stationery & School Supplies,Pencil Cases & Pouches,"Durable and stylish Cute Panda LCD Drawing Tablet Pencil Case 1 featuring vibrant 3D embossed designs, spacious dual-compartment interior, and premium zipper closure for stationery essentials.",₹399,₹279,100,Mere pass,Active,https://drive.google.com/file/d/1NQaqROND9GSkNYVHOnjTAvdEj1v2kqne/view?usp=drivesdk,https://drive.google.com/file/d/1cl41BRYXU9LW71jJJRZE6PWdRvag6Mjw/view?usp=drivesdk,,,,,,,,,,,,,,,,
125,STAT-125,Gummy Bear Lollipop Erasers Pack,Premium Retail,Stationery & School Supplies,Erasers & Novelty,"Premium quality Gummy Bear Lollipop Erasers Pack by Premium Retail designed for exceptional performance, durability, and customer satisfaction.",₹99,₹69,100,Mere pass,Active,https://drive.google.com/file/d/1hAHNgmXjdBOSjisMaK-ElLL8yyz7Z4Wu/view?usp=drivesdk,https://drive.google.com/file/d/11ePn05trwLRwoJ2Nfbt2fTRajnDR4JHQ/view?usp=drivesdk,,,,,,,,,,,,,,,,
126,STAT-126,Heart Shape Dual Pencil Sharpener,Premium Retail,Stationery & School Supplies,Pencil Sharpeners,"Convenient Heart Shape Dual Pencil Sharpener 1 equipped with durable carbon steel blades, dual sharpening slots, and an integrated shavings container.",₹149,₹99,100,Mere pass,Active,https://drive.google.com/file/d/1c5WzGsJLIWEEUxVlrjST2rxsOy-x9zEL/view?usp=drivesdk,https://drive.google.com/file/d/1ShLDQBn9xxzjfasVyVe4DjeNJ_sX8sMP/view?usp=drivesdk,,,,,,,,,,,,,,,,
127,STAT-127,Magic Color Glitter Highlighter Pens,Premium Retail,Stationery & School Supplies,Pens & Highlighters,"Premium quality Magic Color Glitter Highlighter Pens by Premium Retail designed for exceptional performance, durability, and customer satisfaction.",₹199,₹149,100,Mere pass,Active,https://drive.google.com/file/d/1WCdjxwNE25dF9X6oiX39oi4tvTtWX0Gq/view?usp=drivesdk,https://drive.google.com/file/d/1Zr-s2fcwdPTui3qU9ZXdy4yWnJER84K_/view?usp=drivesdk,,,,,,,,,,,,,,,,
128,STAT-128,Rainbow Swirl Lollipop Erasers Pack,Premium Retail,Stationery & School Supplies,Erasers & Novelty,"Premium quality Rainbow Swirl Lollipop Erasers Pack by Premium Retail designed for exceptional performance, durability, and customer satisfaction.",₹99,₹69,100,Mere pass,Active,https://drive.google.com/file/d/1ICK9HisCxGYMzCTPXr7fgVidvR4hUDn4/view?usp=drivesdk,,,,,,,,,,,,,,,,,
129,STAT-129,Rainbow Unicorn Geometry Ruler Set 4-Piece,Premium Retail,Stationery & School Supplies,Rulers & Geometry,"Premium quality Rainbow Unicorn Geometry Ruler Set-Piece by Premium Retail designed for exceptional performance, durability, and customer satisfaction.",₹799,₹599,100,Mere pass,Active,https://drive.google.com/file/d/1RGfTPvplqS3jNPDAkgV_p6Zk93Ph1c8m/view?usp=drivesdk,,,,,,,,,,,,,,,,,
130,STAT-130,Smiley Face Lollipop Erasers Pack,Premium Retail,Stationery & School Supplies,Erasers & Novelty,"Premium quality Smiley Face Lollipop Erasers Pack by Premium Retail designed for exceptional performance, durability, and customer satisfaction.",₹99,₹69,100,Mere pass,Active,https://drive.google.com/file/d/1aG2CLsTkq5JTMXSSe9yQEmEVIUByT5SM/view?usp=drivesdk,https://drive.google.com/file/d/1pIpLefFi3By-I6WxVeWW9CMSGaJD34T0/view?usp=drivesdk,,,,,,,,,,,,,,,,
131,STAT-131,Sanrio Character Liquid Glitter Ruler,Sanrio,Stationery & School Supplies,Rulers & Geometry,"Premium quality Sanrio Character Liquid Glitter Ruler by Sanrio designed for exceptional performance, durability, and customer satisfaction.",₹129,₹89,100,Mere pass,Active,https://drive.google.com/file/d/1a1RuYPSZ24ZlaO9_Yb1ezbhpEubebl5h/view?usp=drivesdk,https://drive.google.com/file/d/1dGx5UHb-I_XnmkfpWjiYxkXCocq9lLX_/view?usp=drivesdk,https://drive.google.com/file/d/10Z1tojxl61MmYA_JFSNa8wEu6mOi1hTF/view?usp=drivesdk,,,,,,,,,,,,,,,
132,STAT-132,Sanrio Double Pencil Sharpener with Eraser,Sanrio,Stationery & School Supplies,Pencil Sharpeners,"Convenient Sanrio Double Pencil Sharpener with Eraser 1 equipped with durable carbon steel blades, dual sharpening slots, and an integrated shavings container.",₹149,₹99,100,Mere pass,Active,https://drive.google.com/file/d/1gW5rPmfHm-FCnsXcCHjj--aE5oycmnlR/view?usp=drivesdk,https://drive.google.com/file/d/16LpxXCo7HqGd3JE6ZT-0Mh0Hd_g2p3z6/view?usp=drivesdk,,,,,,,,,,,,,,,,
133,REF-133,Pink Nudes Plum Lipstick Shades Matrix Chart,Marketing / Reference,Marketing & Reference,Color Matrix Chart,"Comprehensive visual color comparison matrix displaying pink, nude, and plum lipstick shade families. Reference asset only.",N/A,N/A,0,Cosmatic,Non-Product / Reference,https://drive.google.com/file/d/1SNNA9OiLZPZ9kbTwiT4G6yLLNzTHvspe/view?usp=drivesdk,,,,,,,,,,,,,,,,,
134,REF-134,Satin Lipstick 20 Shades Swatch Chart,Marketing / Reference,Marketing & Reference,Color Swatch Chart,Master 20-shade color swatch and undertone reference chart for satin lipsticks. Reference asset only.,N/A,N/A,0,Cosmatic,Non-Product / Reference,https://drive.google.com/file/d/1l8LeE6olDWyh9WIVAdSgUpnAv98pRpIE/view?usp=drivesdk,,,,,,,,,,,,,,,,,
135,REF-135,Soft Glam Makeup Look Model Reference,Marketing / Reference,Marketing & Reference,Model Look Reference,Editorial marketing model photo showcasing soft glam bridal and evening makeup style. Reference asset only (not an individual sale product).,N/A,N/A,0,Cosmatic,Non-Product / Reference,https://drive.google.com/file/d/1LaB3dhIXNK4gWdrhHcF2v5-4kLUsskDo/view?usp=drivesdk,,,,,,,,,,,,,,,,,